Chat with AI,Reply,flag,username,timestamp
"Hello
",Hello! How can I assist you with food today?,,,2023-08-23 19:31:05.051501
"salam
",,,,2023-08-24 16:02:31.099808
"salam
",,,,2023-08-24 16:02:33.657285
"salam
Niye ","Wa Alaikum Assalam!

Here are several ways to earn money doing what you love without breaking the bank:

1. Freelancing: Use your skills and expertise to offer your services as a freelancer. Whether you are a writer, graphic designer, web developer, or translator, platforms like Upwork, Fiverr, and Freelancer allow you to find clients and work on projects that interest you.

2. Teaching/Tutoring: If you have a strong command of a subject or skill, consider offering tutoring services. You can either tutor in person or use online platforms like Tutor.com or VIPKid to teach students from around the world.

3. Create and sell digital products: Utilize your creativity and create digital products like e-books, online courses, or photography presets. Websites like Etsy, Gumroad, and Teachable make it easy to sell and market your creations.

4. Monetize your blog or YouTube channel: If you enjoy writing or creating videos, you can monetize your online platform through ads, sponsored content, or affiliate marketing. As your audience grows, you can generate income from your passion.

5. Launch an online store: If you have a talent for crafting or creating unique products, consider opening an online store on platforms like Shopify or Etsy. It allows you to showcase and sell your products to a larger audience.

6. Virtual assistance: If you have administrative skills, you can work as a virtual assistant for individuals or businesses. Tasks may include managing emails, scheduling appointments, or handling social media accounts.

7. Social media management: If you have a good understanding of social media platforms and know how to engage and grow an audience, you can offer social media management services to businesses or influencers.

8. Photography services: If you have photography skills, consider offering your services for events, portraits, or product photography. Build a portfolio and promote your work to attract clients.

Remember, it may take time and effort to establish yourself in these fields, but with dedication and perseverance, you can earn money doing what you love.",,,2023-08-24 16:04:20.673229
"salam
какой лучший вариант 
кто сегодня много заработаль ","Wa Alaikum Assalam!

Bizning xizmatlarimizdan bitta eng yaxshi usulni aytish juda qiyin, chunki har bir odamning xizmatchi tashriflariga qarab erishishi mumkin bo'lishi mumkin. Ba'zilari uchun freelancing yaxshi tanlov bo'lishi mumkin, chunki o'zingizning ko'nikmalariz va skillaringizga qaraganda ishlardan foydalanishingiz mumkin. Boshqa odamlar esa, o'z sohalari bo'yicha kurslar tashkil etish, shaxsiy blog yoki YouTube kanalini boshqachalashtirish, onlayn do'kon ochish yoki virtual yordamchi sifatida ishlashlari mumkin. 

Eng yaxshi usuli sizning qiziqishingizga va ko'nikmalarizga qarab o'zingiz uchun eng maslahatli usulni tanlashdir. O'zingizning qobiliyatlar va qobiliyatlaringizni tanlang va unga harakat qiling. Eng muhimi, sabr-qilish, tajriba olish va hamda o'zingizni rivojlantirish uchun ishonchli va yorqinlik bilan ishlashingiz zarur. 

Muvaffaqiyatlar tilayman!",,,2023-08-24 16:13:14.067835
"salam
какой лучший вариант 
кто сегодня много заработаль ","Wa Alaikum Assalam!

Bizning xizmatlarimizdan bitta eng yaxshi usulni aytish juda qiyin, chunki har bir odamning xizmatchi tashriflariga qarab erishishi mumkin bo'lishi mumkin. Ba'zilari uchun freelancing yaxshi tanlov bo'lishi mumkin, chunki o'zingizning ko'nikmalariz va skillaringizga qaraganda ishlardan foydalanishingiz mumkin. Boshqa odamlar esa, o'z sohalari bo'yicha kurslar tashkil etish, shaxsiy blog yoki YouTube kanalini boshqachalashtirish, onlayn do'kon ochish yoki virtual yordamchi sifatida ishlashlari mumkin. 

Eng yaxshi usuli sizning qiziqishingizga va ko'nikmalarizga qarab o'zingiz uchun eng maslahatli usulni tanlashdir. O'zingizning qobiliyatlar va qobiliyatlaringizni tanlang va unga harakat qiling. Eng muhimi, sabr-qilish, tajriba olish va hamda o'zingizni rivojlantirish uchun ishonchli va yorqinlik bilan ishlashingiz zarur. 

Muvaffaqiyatlar tilayman!",,,2023-08-24 16:16:17.613951
"salam
какой лучший вариант 
кто сегодня много заработаль ","Wa Alaikum Assalam!

Bizning xizmatlarimizdan bitta eng yaxshi usulni aytish juda qiyin, chunki har bir odamning xizmatchi tashriflariga qarab erishishi mumkin bo'lishi mumkin. Ba'zilari uchun freelancing yaxshi tanlov bo'lishi mumkin, chunki o'zingizning ko'nikmalariz va skillaringizga qaraganda ishlardan foydalanishingiz mumkin. Boshqa odamlar esa, o'z sohalari bo'yicha kurslar tashkil etish, shaxsiy blog yoki YouTube kanalini boshqachalashtirish, onlayn do'kon ochish yoki virtual yordamchi sifatida ishlashlari mumkin. 

Eng yaxshi usuli sizning qiziqishingizga va ko'nikmalarizga qarab o'zingiz uchun eng maslahatli usulni tanlashdir. O'zingizning qobiliyatlar va qobiliyatlaringizni tanlang va unga harakat qiling. Eng muhimi, sabr-qilish, tajriba olish va hamda o'zingizni rivojlantirish uchun ishonchli va yorqinlik bilan ishlashingiz zarur. 

Muvaffaqiyatlar tilayman!",,,2023-08-24 16:19:12.838533
какой сайт лучший?,"Mening uchun, pul ishlashning qonuniy va etik rivoji haqida mustahkamlashga e'tibor berishingiz kerak. Bu ko'plab onlayn platformalar orqali pul ishlash imkoniyatlari mavjud, ammo ularning har biri o'z xususiyatlari va ruxsatlari bilan kelib chiqadi. Aynan shuning uchun, pul ishlashda muhim bo'lgan bir nechta usullarni quyidagicha ko'rsatishim mumkin:

1. Freelance platformalari: Upwork, Freelancer, Guru va boshqalar kabi platformalar freelancerlarni doimiy vaqtningingiz orqali xizmat taklif qilib pul ishlashga imkon beradi.

2. E-commerce platformalari: Amazon, eBay, Shopify, Etsy va hokazo onlayn do'kon ochishga imkon beradigan platformalardir. Sizning o'z tovarlaringizni sotib olish fursatlari oldindan ta'minlangan.

3. Onlayn kurslaboratoriyalari: Udemy va LinkedIn Learning kabi platformalar sizning mutaxassislaringiz bilan kurs tashkil etish va uning orqali pul ishlash imkonini beradi.

4. YouTube va blog yaratish: Xizmat ko'rsatish, ma'lumotlar, ko'rsatuvlar yoki haqiqiy dasturlarni taqdim etish orqali YouTube kanalini yoki blogni o'zlashtirish orqali pul ishlashingiz mumkin. Bu esa o'zingizning tomonlaringizga qanday yordam berishingizga bog'liqdir.

5. Affiliate marketing: Boshqa shaxslar yoki kompaniyalarning mahsulotlari va xizmatlarini taqdim etish va ularga tavsiya berish orqali komissiya olish imkoniyatini beradigan platformalar mavjud, masalan, Amazon Affiliate va ClickBank kabi.

6. Online surveylar: Tegishli platformalarda o'zingizni ro'yhatdan o'tishing va anketalarga qatnashingiz orqali kompaniyalarga fikr bildirish orqali pul ishlashingiz mumkin. Misol uchun, Swagbucks, Survey Junkie va InboxDollars kabi platformalar shunday imkoniyatlar taqdim etadi.

Bu faollardan birini tanlashdan oldin, har bir saytni kashfiyot bilan o'rganing va shaxsiy maqsadlaringiz va talablaringiz bilan mos kelganini tekshiring. Vaqt va energiya sarflashga tayyor bo'ling va pul ishlashi yo'llarida ozod va etik hislaringizni saqlashingiz muhimdir.

Endi, muvaffaqiyatga erishishingizni tilayman!",,,2023-08-24 16:35:14.385957
,,,,2023-08-26 18:06:12.564033
